<?xml version="1.0" encoding="UTF-8"?>
<!DOCTYPE configuration
  PUBLIC "-//mybatis.org//DTD Config 3.0//EN"
  "http://mybatis.org/dtd/mybatis-3-config.dtd">
<configuration>
  <!--  사용할 프로퍼티 파일 지정 -->	
  <properties resource="db.properties"/>
  <!-- 타입을 줄여서 사용할때 사용 -->
  <typeAliases>
	<typeAlias type="java.lang.String" alias="String"/>
	<typeAlias type="java.util.HashMap" alias="HashMap"/>
  </typeAliases>
  
  <environments default="development">
    <environment id="development">
      <transactionManager type="JDBC"/>
      <dataSource type="POOLED">
        <property name="driver" value="${o.driver}"/>
        <property name="url" value="${o.url}"/>
        <property name="username" value="${o.username}"/>
        <property name="password" value="${o.password}"/>
      </dataSource>
    </environment>
  </environments>
  <mappers>
    <mapper resource="testMapper.xml"/>
  </mappers>
</configuration>