<?xml version="1.0" encoding="UTF-8"?>
<Configuration>
	<!-- Appender, Layout 설정 -->
	<Appenders>
		<Console name="console" target="SYSTEM_OUT">
			<PatternLayout pattern="%d %5p [%c] %m%n" />
		</Console>
		<File name="file" fileName="./logs/file/sample.log"
			append="false">
			<PatternLayout pattern="%d %5p [%c] %m%n" />
		</File>
	</Appenders>
	<!-- Logger 설정 -->
	<Loggers>
		<!-- SQL문만을 로그로 남기며, PreparedStatement일 경우 관련된 argument 값으로 대체된 SQL문이 보여진다. -->
		<logger name="jdbc.sqlonly">
			<level value="INFO" />
		</logger>
		<!-- SQL문과 해당 SQL을 실행시키는데 수행된 시간 정보(milliseconds)를 포함한다. -->
		<logger name="jdbc.sqltiming">
			<level value="ERROR" />
		</logger>
		<!-- ResultSet을 제외한 모든 JDBC 호출 정보를 로그로 남긴다. 많은 양의 로그가 생성되므로 특별히 JDBC 문제를 
			추적해야 할 필요가 있는 경우를 제외하고는 사용을 권장하지 않는다. -->
		<logger name="jdbc.audit">
			<level value="ERROR" />
		</logger>
		<!-- ResultSet을 포함한 모든 JDBC 호출 정보를 로그로 남기므로 매우 방대한 양의 로그가 생성된다. -->
		<logger name="jdbc.resultsettable">
			<level value="INFO" />
			<appender-ref ref="console" />
		</logger>
		<Root level="DEBUG">
			<AppenderRef ref="console" />
		</Root>
	</Loggers>
</Configuration>