<?xml version="1.0" encoding="UTF-8"?>
<!DOCTYPE mapper
  PUBLIC "-//mybatis.org//DTD Mapper 3.0//EN"
  "http://mybatis.org/dtd/mybatis-3-mapper.dtd">
<mapper namespace="memo">
	<!-- 1. 개수 얻기 --> 	
	<select id="selectCount" resultType="int">
		select count(*) from memo
	</select>
	<!-- 2. 1개 얻기 --> 	
	<select id="selectByIdx" resultType="MemoVO" parameterType="int">
		select * from memo where idx=#{idx}
	</select>
	
	<!-- 1개를 얻는데 VO를 사용하지 않고도 가능할까요? -->
	<select id="selectByIdxMap" resultType="HashMap" parameterType="int">
		select * from memo where idx=#{idx}
	</select>
	
	<!-- 3. 1페이지 얻기 --> 	
	<select id="selectList" resultType="MemoVO" parameterType="HashMap">
		<![CDATA[
		select
			R.*
		from
			(select
				rownum rnum, Q.*
			from
				(select * from memo order by idx desc) Q
			where
				rownum<= #{endNo}) R
		where
			rnum>=#{startNo}
		]]>
	</select>
	<!-- 4. 저장 -->
	<insert id="insert" parameterType="MemoVO">
		insert into memo 
			(idx, name, password, content, regDate, ip)
		values
			(memo_idx_seq.nextval, #{name}, #{password}, #{content}, SYSDATE, #{ip})
	</insert>
	<!-- 5. 수정 -->
	<update id="update" parameterType="MemoVO">
		update 
			memo 
		set
			content=#{content}, regDate=SYSDATE, ip=#{ip}
		where
			idx=#{idx}
	</update>
	<!-- 6. 삭제 -->
	<delete id="delete" parameterType="int">
		delete from
			memo
		where
			idx=#{idx}	
	</delete>
	
</mapper>