<?xml version="1.0" encoding="UTF-8"?>
<!DOCTYPE configuration
  PUBLIC "-//mybatis.org//DTD Config 3.0//EN"
  "http://mybatis.org/dtd/mybatis-3-config.dtd">
<configuration>
	<!-- 사용할 프로퍼티 파일을 지정한다. 해당 프로퍼티 파일은 클래스패스에 위치해야 한다. -->
	<properties resource="db.properties" />
	
	<!-- 타입의 이름을 줄여서 사용한다. -->
	<typeAliases>
		<typeAlias type="java.util.HashMap" alias="HashMap"/>
		<typeAlias type="kr.green.memo.vo.MemoVO" alias="MemoVO"/>
	</typeAliases>
	
	<!-- 환경설정을 한다. -->
	<environments default="development">
		<environment id="development">
			<transactionManager type="JDBC" />
			<dataSource type="POOLED">
				<property name="driver" value="${o.driver}" />
				<property name="url" value="${o.url}" />
				<property name="username" value="${o.username}" />
				<property name="password" value="${o.password}" />
			</dataSource>
		</environment>
	</environments>
	<mappers>
		<mapper resource="testMapper.xml" />
		<mapper resource="memoMapper.xml" />
	</mappers>
</configuration>